pdbid,ligname,measure,pvalue,label
5vd0,8X7,Kd,6.489,2018:select:kinase
5ia3,P17,Kd,7.337,2018:select:kinase
4v04,0LI,Kd,8.114,2018:select:kinase
4rwj,66T,Kd,8.699,2018:select:kinase
6hd6,FYH,Kd,5.699,2019:kinase
3iw7,IPK,Kd,5.638,2018:select:kinase
3uvq,FS8,Kd,7.77,2018:select:kinase
6e2o,S0L,Kd,8.538,2019:kinase
3jvs,AGY,Kd,6.538,2018:select:kinase
3ri1,3RH,Kd,5.301,2018:select:kinase
5my8,RXZ,Kd,7.143,2018:select:kinase
5os5,A8K,Kd,3.387,2018:select:kinase
3ms9,MS9,Kd,5.222,2018:select:kinase
5nkd,91K,Kd,7.585,2018:select:kinase
3hmp,CX4,Kd,5.489,2018:select:kinase
5usy,SKE,Kd,7.509,2018:select:kinase
5mty,HB9,Kd,8.886,2018:select:kinase
4lop,SB4,Kd,8.155,2018:select:kinase
5orh,A4N,Kd,4.387,2019:kinase
5t18,73T,Kd,9.301,2018:select:kinase
5n87,N66,Kd,9.252,2018:select:kinase
6dki,GOD,Kd,8.638,2019:kinase
4v01,0LI,Kd,8.114,2018:select:kinase
5y80,IRE,Kd,8.79,2019:kinase
5cu4,54S,Kd,6.495,2018:select:kinase
5ih9,6BF,Kd,8.699,2018:select:kinase
3gcs,BAX,Kd,7.252,2018:select:kinase
6gwr,FEW,Kd,8.102,2019:kinase
4f9y,LM3,Kd,6.735,2018:select:kinase
6fng,DWT,Kd,7.137,2019:kinase
4rqk,R1S,Kd,5.824,2018:select:kinase
4loq,SB4,Kd,8.155,2018:select:kinase
4u43,3D8,Kd,4.319,2018:select:kinase
5vc4,XZN,Kd,7.36,2018:select:kinase
6fnf,DXH,Kd,7.886,2019:kinase
6gzh,LCI,Kd,8.268,2019:kinase
2qhm,7CS,Kd,6.18,2018:select:kinase
4fvr,ATP,Kd,6.0,2018:select:kinase
4p5z,Q7M,Kd,7.406,2018:select:kinase
5nkb,8ZT,Kd,9.119,2018:select:kinase
5a14,LQ5,Kd,7.301,2018:select:kinase
5moe,OQC,Kd,3.284,2018:select:kinase
4f6u,0SR,Kd,6.155,2018:select:kinase
4y8d,49J,Kd,8.051,2018:select:kinase
4nj3,2KD,Kd,6.523,2018:select:kinase
5os7,A8Q,Kd,3.688,2019:kinase
3l8x,N4D,Kd,8.0,2018:select:kinase
5l2s,6ZV,Kd,7.081,2018:select:kinase
4xx9,RF4,Kd,5.076,2018:select:kinase
3mss,MS7,Kd,4.658,2018:select:kinase
6gu2,F9Z,Kd,5.796,2019:kinase
5nk2,8ZZ,Kd,6.74,2018:select:kinase
5vcv,1N1,Kd,6.824,2018:select:kinase
4nka,2K7,Kd,6.507,2018:select:kinase
2x4z,X4Z,Kd,8.569,2018:select:kinase
4w9w,YDJ,Kd,7.48,2018:select:kinase
5otz,AUT,Kd,5.187,2019:kinase
5vc3,DB8,Kd,7.111,2018:select:kinase
4kao,KAO,Kd,6.114,2018:select:kinase
5ut4,DQX,Kd,4.377,2018:select:kinase
6fni,DXH,Kd,8.222,2019:kinase
6g36,EKH,Kd,7.788,2019:kinase
5y7z,IRE,Kd,7.812,2019:kinase
4rqv,R2S,Kd,5.046,2018:select:kinase
5orl,A4W,Kd,4.824,2018:select:kinase
5osl,A9K,Kd,3.426,2019:kinase
2yix,YIX,Kd,8.481,2018:select:kinase
5v5y,8X7,Kd,7.873,2018:select:kinase
3hv7,1AU,Kd,7.921,2018:select:kinase
3npc,B96,Kd,8.337,2018:select:kinase
6boe,E0S,Kd,5.538,2019:kinase
4fl2,ANP,Kd,3.658,2018:select:kinase
4dli,IRG,Kd,5.62,2018:select:kinase
6g39,5ID,Kd,8.337,2019:kinase
5ia1,ZZL,Kd,6.276,2018:select:kinase
3pxq,2AN,Kd,4.432,2018:select:kinase
3miy,B49,Kd,7.678,2018:select:kinase
6guh,FB8,Kd,7.585,2019:kinase
6fnj,DWT,Kd,6.848,2019:kinase
5nk6,90W,Kd,6.801,2018:select:kinase
3g0e,B49,Kd,7.699,2018:select:kinase
6g33,5ID,Kd,8.155,2019:kinase
4uxq,0LI,Kd,7.796,2018:select:kinase
6gub,F9Z,Kd,7.638,2019:kinase
5htc,66M,Kd,6.824,2018:select:kinase
3o8p,BMU,Kd,6.456,2018:select:kinase
2xj1,XJ1,Kd,7.553,2018:select:kinase
4bcq,TJF,Kd,6.833,2018:select:kinase
3uo4,0C0,Kd,6.524,2018:select:kinase
4xcu,40M,Kd,8.222,2018:select:kinase
5n93,8QE,Kd,8.658,2018:select:kinase
4m12,1YZ,Kd,6.046,2018:select:kinase
5i9x,DB8,Kd,7.523,2018:select:kinase
5i9y,1N1,Kd,8.553,2018:select:kinase
3q6w,Q6W,Kd,7.569,2018:select:kinase
4m14,QWS,Kd,6.699,2018:select:kinase
5vd1,P48,Kd,6.004,2018:select:kinase
5jq5,I74,Kd,5.631,2018:select:kinase
6dkb,FKY,Kd,9.155,2019:kinase
5os8,J27,Kd,3.979,2019:kinase
5ory,AY4,Kd,3.447,2018:select:kinase
5cu2,54G,Kd,4.237,2018:select:kinase
5w5v,ANW,Kd,6.097,2019:kinase
5orr,A5Q,Kd,3.77,2018:select:kinase
5otr,AU8,Kd,4.921,2019:kinase
5am7,38O,Kd,7.19,2018:select:kinase
6gu7,FB8,Kd,5.807,2019:kinase
5mrb,C5N,Kd,6.327,2018:select:kinase
5nk7,8ZZ,Kd,6.33,2018:select:kinase
5ut0,35R,Kd,5.878,2018:select:kinase
4gue,QCT,Kd,5.237,2018:select:kinase
3zos,0LI,Kd,8.886,2018:select:kinase
5mo8,C98,Kd,5.785,2018:select:kinase
4fvq,ATP,Kd,6.0,2018:select:kinase
5lvn,ADN,Kd,4.699,2018:select:kinase
5n84,8Q5,Kd,7.959,2018:select:kinase
4rwl,3ZC,Kd,8.097,2018:select:kinase
5nkc,90T,Kd,7.721,2018:select:kinase
5ipj,6CD,Kd,8.886,2018:select:kinase
5nka,91H,Kd,5.456,2018:select:kinase
3up2,0C8,Kd,7.398,2018:select:kinase
4gu9,4GU,Kd,4.367,2018:select:kinase
3b2t,M33,Kd,5.207,2018:select:kinase
6gu4,FC8,Kd,4.699,2019:kinase
3myg,EML,Kd,10.699,2018:select:kinase
5e1s,5JA,Kd,7.921,2018:select:kinase
5csh,54E,Kd,3.569,2018:select:kinase
4cki,ADN,Kd,5.959,2018:select:kinase
6gzm,LCI,Kd,8.26,2019:kinase
3iw6,PP0,Kd,5.483,2018:select:kinase
6guk,FC8,Kd,6.146,2019:kinase
4m0z,M0Z,Kd,5.194,2018:select:kinase
5mtx,FJI,Kd,7.752,2018:select:kinase
5htb,6L5,Kd,6.77,2018:select:kinase
4loo,SB4,Kd,8.155,2018:select:kinase
5orz,A6W,Kd,3.365,2018:select:kinase
5vc6,P48,Kd,7.866,2018:select:kinase
6gl9,F3W,Kd,6.87,2019:kinase
3gcv,SS6,Kd,7.131,2018:select:kinase
5ia5,GV0,Kd,7.602,2018:select:kinase
5vcw,93J,Kd,5.957,2018:select:kinase
3gvu,STI,Kd,8.0,2018:select:kinase
4txc,38G,Kd,6.62,2018:select:kinase
6guf,23D,Kd,6.65,2019:kinase
6g38,TBN,Kd,6.621,2019:kinase
6gla,F4B,Kd,7.569,2019:kinase
5os1,A7H,Kd,3.306,2018:select:kinase
5ork,A4T,Kd,3.631,2019:kinase
5nk4,90E,Kd,8.699,2018:select:kinase
5os2,A7K,Kd,2.74,2018:select:kinase
5csp,54G,Kd,4.237,2018:select:kinase
5l2t,6ZZ,Kd,6.187,2018:select:kinase
5vc5,96M,Kd,7.959,2018:select:kinase
5vd2,34W,Kd,7.104,2018:select:kinase
5oqu,A4B,Kd,3.613,2019:kinase
6g37,FTU,Kd,7.37,2019:kinase
5nkh,8ZQ,Kd,7.585,2018:select:kinase
3lxk,MI1,Kd,9.796,2018:select:kinase
5ut6,8MY,Kd,4.242,2018:select:kinase
5orw,A6E,Kd,3.099,2018:select:kinase
4w9x,3JW,Kd,7.4,2018:select:kinase
4k9y,K9Y,Kd,6.955,2018:select:kinase
5cyi,55S,Kd,5.883,2018:select:kinase
4fl1,ANP,Kd,3.284,2018:select:kinase
5nk8,90Z,Kd,6.64,2018:select:kinase
5os3,A7N,Kd,2.426,2018:select:kinase
5ia4,88Z,Kd,7.284,2018:select:kinase
5lwm,79T,Kd,8.873,2018:select:kinase
4f6w,0SS,Kd,7.523,2018:select:kinase
3iw8,HIZ,Kd,4.873,2018:select:kinase
5nwz,9CT,Kd,9.097,2019:kinase
5jhb,6K5,Kd,6.059,2018:select:kinase
3hmo,STU,Kd,7.516,2018:select:kinase
4crl,C1I,Kd,9.71,2018:select:kinase
4m0y,M0Y,Kd,6.456,2018:select:kinase
5vcz,XZN,Kd,6.353,2018:select:kinase
5l3a,6DP,Kd,4.886,2018:select:kinase
5njz,8ZH,Kd,7.796,2018:select:kinase
4pmm,31V,Kd,7.569,2018:select:kinase
6bod,E0P,Kd,4.26,2019:kinase
6guc,SU9,Kd,7.602,2019:kinase
6g3a,5ID,Kd,8.377,2019:kinase
6gu3,FB8,Kd,5.357,2019:kinase
4ckj,ADN,Kd,4.845,2018:select:kinase
5h8g,5Y4,Kd,10.317,2018:select:kinase
6g35,EKK,Kd,7.757,2019:kinase
6g34,5ID,Kd,8.244,2019:kinase
5cqu,JRJ,Kd,6.538,2018:select:kinase
3k5v,STJ,Kd,6.301,2018:select:kinase
5nk3,92Q,Kd,7.42,2018:select:kinase
5osd,A9B,Kd,3.208,2018:select:kinase
5hu9,66K,Kd,7.616,2018:select:kinase
5am6,38O,Kd,6.733,2018:select:kinase
5os0,A6Z,Kd,2.554,2018:select:kinase
5vcy,DB8,Kd,6.569,2018:select:kinase
6dkg,GO7,Kd,8.585,2019:kinase
3k54,1N1,Kd,9.0,2018:select:kinase
4fl3,ANP,Kd,3.824,2018:select:kinase
3gcq,1BU,Kd,6.466,2018:select:kinase
5ya5,6TD,Kd,6.721,2019:kinase
5ia0,A5B,Kd,6.728,2018:select:kinase
5cs6,K82,Kd,3.201,2018:select:kinase
6gue,FB8,Kd,8.398,2019:kinase
3gcu,R48,Kd,6.783,2018:select:kinase
3gp0,NIL,Kd,7.444,2018:select:kinase
5oul,AWE,Kd,3.301,2019:kinase
5ia2,L66,Kd,7.721,2018:select:kinase
3l8s,BFF,Kd,7.004,2018:select:kinase
5vd3,H8H,Kd,5.55,2018:select:kinase
6bny,E0M,Kd,6.398,2019:kinase
4bkj,STI,Kd,8.721,2018:select:kinase
3pxf,2AN,Kd,4.432,2018:select:kinase
4x21,3WH,Kd,7.444,2018:select:kinase
6mwe,919,Kd,9.201,2019:kinase
5orv,A65,Kd,2.887,2018:select:kinase
5unp,8FY,Kd,10.018,2019:kinase
3gcp,SB2,Kd,7.824,2018:select:kinase
5aut,2AN,Kd,5.174,2018:select:kinase
5ose,A98,Kd,3.167,2018:select:kinase
5os4,A8H,Kd,2.779,2018:select:kinase
3hrf,P47,Kd,4.987,2018:select:kinase
4i3z,ADP,Kd,4.29,2018:select:kinase
3ubd,SL0,Kd,5.538,2018:select:kinase
5usz,SKE,Kd,6.975,2018:select:kinase
5h8e,5Y3,Kd,11.199,2018:select:kinase
4zjj,4OR,Kd,8.004,2018:select:kinase
5nki,8ZW,Kd,7.721,2018:select:kinase
6gzd,LCI,Kd,8.009,2019:kinase
4gu6,10N,Kd,7.357,2018:select:kinase
6glb,F48,Kd,6.889,2019:kinase
6gu6,1QK,Kd,5.742,2019:kinase
5tbe,78L,Kd,8.975,2018:select:kinase
4zji,4OQ,Kd,6.469,2018:select:kinase
5nkg,8ZK,Kd,7.678,2018:select:kinase
3huc,G97,Kd,5.987,2018:select:kinase
5n9s,8QW,Kd,8.62,2018:select:kinase
4e6c,0O8,Kd,4.824,2018:select:kinase
5tco,79Q,Kd,8.19,2018:select:kinase
5orj,A4Q,Kd,4.77,2019:kinase
5a4c,XOJ,Kd,8.244,2018:select:kinase
5ko1,6UY,Kd,6.638,2018:select:kinase
3heg,BAX,Kd,6.745,2018:select:kinase
5mod,86L,Kd,3.523,2018:select:kinase
4btk,DTQ,Kd,6.62,2018:select:kinase
5nud,99K,Kd,7.495,2019:kinase
3r7o,M61,Kd,8.357,2018:select:kinase
4qp2,36R,Kd,3.027,2018:select:kinase
3pyy,3YY,Kd,6.863,2018:select:kinase
